"habitat","year","impact"
"beach",2003,1.14770144870116
"beach",2004,1.16416952062532
"beach",2005,1.17388218727327
"beach",2006,1.21273428583564
"beach",2007,1.24602093575247
"beach",2008,1.23970354286318
"beach",2009,1.25842269525568
"beach",2010,1.36590862692842
"beach",2011,1.36255256476548
"beach",2012,1.42044918005666
"beach",2013,1.456049097394
