"habitat","year","impact"
"coral_reef",2003,1.06409385939669
"coral_reef",2004,1.03187857180018
"coral_reef",2005,1.06011883004552
"coral_reef",2006,1.08803784678498
"coral_reef",2007,1.18273837981375
"coral_reef",2008,1.29679073637731
"coral_reef",2009,1.47479083170066
"coral_reef",2010,1.80271582861945
"coral_reef",2011,1.87860326585679
"coral_reef",2012,1.93726506612737
"coral_reef",2013,2.02900935291988
