"habitat","year","impact"
"d_h_bottom",2003,0.738333177539103
"d_h_bottom",2004,0.771148177542502
"d_h_bottom",2005,0.847520945048996
"d_h_bottom",2006,0.869463917205523
"d_h_bottom",2007,0.910602827208176
"d_h_bottom",2008,0.935355039846035
"d_h_bottom",2009,0.984713007680135
"d_h_bottom",2010,1.01086559636809
"d_h_bottom",2011,1.04430892188036
"d_h_bottom",2012,1.0369742142285
"d_h_bottom",2013,1.07260636986169
