"habitat","year","impact"
"d_s_benthic",2003,0.800933682419346
"d_s_benthic",2004,0.833551114014438
"d_s_benthic",2005,0.913792653814634
"d_s_benthic",2006,0.945314269818005
"d_s_benthic",2007,0.979305788231603
"d_s_benthic",2008,1.00678677688145
"d_s_benthic",2009,1.07009354164476
"d_s_benthic",2010,1.13355461147455
"d_s_benthic",2011,1.1817716811852
"d_s_benthic",2012,1.19857422100805
"d_s_benthic",2013,1.25213712764116
