"habitat","year","impact"
"deep_waters",2003,0.268119304117929
"deep_waters",2004,0.298291983530433
"deep_waters",2005,0.343796740926269
"deep_waters",2006,0.365216487386742
"deep_waters",2007,0.37799223018533
"deep_waters",2008,0.387881392552578
"deep_waters",2009,0.435154101129233
"deep_waters",2010,0.506077173927271
"deep_waters",2011,0.508918204823494
"deep_waters",2012,0.51670891576231
"deep_waters",2013,0.513585714813122
