"habitat","year","impact"
"hard_slope",2003,0.643069682582426
"hard_slope",2004,0.655681061065663
"hard_slope",2005,0.685761273588046
"hard_slope",2006,0.707392254196309
"hard_slope",2007,0.7423411628728
"hard_slope",2008,0.780146222062923
"hard_slope",2009,0.789585249215141
"hard_slope",2010,0.851576470079697
"hard_slope",2011,0.860903436514798
"hard_slope",2012,0.849383231611319
"hard_slope",2013,0.877768619721396
