"habitat","year","impact"
"ice",2003,0.0534583251207208
"ice",2004,0.0672246479648715
"ice",2005,0.0722185814180748
"ice",2006,0.0767736892174857
"ice",2007,0.0787669100183531
"ice",2008,0.0669598216054404
"ice",2009,0.0597819677898242
"ice",2010,0.0639496033597616
"ice",2011,0.0664924223454336
"ice",2012,0.0741151590197792
"ice",2013,0.0848860206993152
