"habitat","year","impact"
"inttidalmud",2003,1.7930336673845
"inttidalmud",2004,1.81767781825141
"inttidalmud",2005,1.82944979328582
"inttidalmud",2006,1.87844373396001
"inttidalmud",2007,1.91704546510362
"inttidalmud",2008,1.93401953624618
"inttidalmud",2009,1.933247455074
"inttidalmud",2010,2.06144821596971
"inttidalmud",2011,2.05107615609019
"inttidalmud",2012,2.10976092084179
"inttidalmud",2013,2.17552754645292
