"habitat","year","impact"
"inttidalmud",2003,1.74542679205703
"inttidalmud",2004,1.77109959488861
"inttidalmud",2005,1.8093453011831
"inttidalmud",2006,1.85428056801993
"inttidalmud",2007,1.88876061996919
"inttidalmud",2008,1.90271160075495
"inttidalmud",2009,1.90104277524252
"inttidalmud",2010,2.0294659124409
"inttidalmud",2011,2.02415805063499
"inttidalmud",2012,2.09010758715207
"inttidalmud",2013,2.14684249387514
