"habitat","year","impact"
"kelp",2003,0.643736022619019
"kelp",2004,0.617283311056333
"kelp",2005,0.628009563468235
"kelp",2006,0.679465437340345
"kelp",2007,0.70880164129708
"kelp",2008,0.735112231661414
"kelp",2009,0.786148591410718
"kelp",2010,0.832868476299481
"kelp",2011,0.840405345835548
"kelp",2012,0.932813035795541
"kelp",2013,1.02650821615928
