"habitat","year","impact"
"kelp",2003,0.749700833937153
"kelp",2004,0.731467960858619
"kelp",2005,0.727113704025031
"kelp",2006,0.784874602618888
"kelp",2007,0.823998943390158
"kelp",2008,0.856351099161792
"kelp",2009,0.910274172642193
"kelp",2010,0.940953989035486
"kelp",2011,0.956291830993206
"kelp",2012,1.03086689177546
"kelp",2013,1.0863742893159
