"habitat","year","impact"
"mangroves",2003,2.20814751191196
"mangroves",2004,2.21024286203809
"mangroves",2005,2.22649909786103
"mangroves",2006,2.27620309385468
"mangroves",2007,2.34353123686777
"mangroves",2008,2.41836937215627
"mangroves",2009,2.54616324814297
"mangroves",2010,2.77527845966347
"mangroves",2011,2.83716629834252
"mangroves",2012,2.94242142765679
"mangroves",2013,3.01518504397767
