"habitat","year","impact"
"mangroves",2003,2.56322134999185
"mangroves",2004,2.55368539100417
"mangroves",2005,2.52397976036013
"mangroves",2006,2.5709581827353
"mangroves",2007,2.6321373472485
"mangroves",2008,2.70422246983809
"mangroves",2009,2.84634371343018
"mangroves",2010,3.05517543314746
"mangroves",2011,3.13714365595116
"mangroves",2012,3.25520588174692
"mangroves",2013,3.28298631976671
