"habitat","year","impact"
"rky_intidal",2003,1.77787745847199
"rky_intidal",2004,1.81126815754068
"rky_intidal",2005,1.86081663022187
"rky_intidal",2006,1.91973796750652
"rky_intidal",2007,1.9551284793199
"rky_intidal",2008,1.95233497178459
"rky_intidal",2009,1.96342529712526
"rky_intidal",2010,2.11685427281622
"rky_intidal",2011,2.11522142113345
"rky_intidal",2012,2.19585496088454
"rky_intidal",2013,2.27367372432884
