"habitat","year","impact"
"rky_intidal",2003,1.97907870610355
"rky_intidal",2004,2.00086717125663
"rky_intidal",2005,2.00471715122824
"rky_intidal",2006,2.06359762457825
"rky_intidal",2007,2.10226521694792
"rky_intidal",2008,2.10766939611858
"rky_intidal",2009,2.12026407129665
"rky_intidal",2010,2.27675404641406
"rky_intidal",2011,2.26203284243511
"rky_intidal",2012,2.32656268574694
"rky_intidal",2013,2.42611870424376
