"habitat","year","impact"
"rocky_reef",2003,1.22915412719581
"rocky_reef",2004,1.22318702683899
"rocky_reef",2005,1.25508219555368
"rocky_reef",2006,1.28455796556368
"rocky_reef",2007,1.34125038352001
"rocky_reef",2008,1.39210839817935
"rocky_reef",2009,1.49521575690346
"rocky_reef",2010,1.70310134738212
"rocky_reef",2011,1.74198990691495
"rocky_reef",2012,1.79281801566161
"rocky_reef",2013,1.86520158084677
