"habitat","year","impact"
"rocky_reef",2003,1.68917164740195
"rocky_reef",2004,1.66899202993346
"rocky_reef",2005,1.65626041267759
"rocky_reef",2006,1.66984021843194
"rocky_reef",2007,1.73732780510808
"rocky_reef",2008,1.80094396002649
"rocky_reef",2009,1.92432695551312
"rocky_reef",2010,2.13537436322149
"rocky_reef",2011,2.13807045191327
"rocky_reef",2012,2.18456657305511
"rocky_reef",2013,2.21348672556985
