"habitat","year","impact"
"s_t_s_bottom",2003,0.551663524148
"s_t_s_bottom",2004,0.558123131014003
"s_t_s_bottom",2005,0.576501369114807
"s_t_s_bottom",2006,0.5998950335718
"s_t_s_bottom",2007,0.613916447655666
"s_t_s_bottom",2008,0.605933932758142
"s_t_s_bottom",2009,0.633861291496444
"s_t_s_bottom",2010,0.683394283811247
"s_t_s_bottom",2011,0.699332979346991
"s_t_s_bottom",2012,0.747905103765384
"s_t_s_bottom",2013,0.785219229950424
