"habitat","year","impact"
"salt_marsh",2003,1.78956857736294
"salt_marsh",2004,1.82313973881014
"salt_marsh",2005,1.87020770060402
"salt_marsh",2006,1.9308434048843
"salt_marsh",2007,1.97474422657935
"salt_marsh",2008,1.99471053612046
"salt_marsh",2009,1.99292004933975
"salt_marsh",2010,2.15284408019769
"salt_marsh",2011,2.15298489308573
"salt_marsh",2012,2.24040297543737
"salt_marsh",2013,2.31326351756241
