"habitat","year","impact"
"salt_marsh",2003,1.87398910848138
"salt_marsh",2004,1.90335915874725
"salt_marsh",2005,1.92396321204365
"salt_marsh",2006,1.98616012318684
"salt_marsh",2007,2.03227421106015
"salt_marsh",2008,2.05674551865015
"salt_marsh",2009,2.05583026152358
"salt_marsh",2010,2.21628236811924
"salt_marsh",2011,2.21057426881306
"salt_marsh",2012,2.28994263539588
"salt_marsh",2013,2.37376670154307
