"habitat","year","impact"
"seagrass",2003,1.50716178137409
"seagrass",2004,1.4628724266702
"seagrass",2005,1.50856056096348
"seagrass",2006,1.55833689539717
"seagrass",2007,1.62949065662312
"seagrass",2008,1.72775399472172
"seagrass",2009,1.85956288512306
"seagrass",2010,2.09812730346353
"seagrass",2011,2.15088461195876
"seagrass",2012,2.21262657469397
"seagrass",2013,2.2706803490011
