"habitat","year","impact"
"seagrass",2003,1.39448573905127
"seagrass",2004,1.34988620724413
"seagrass",2005,1.40581250628742
"seagrass",2006,1.45211690514293
"seagrass",2007,1.53218433539553
"seagrass",2008,1.62449648564965
"seagrass",2009,1.74398916176144
"seagrass",2010,1.97079398862234
"seagrass",2011,2.02943866050776
"seagrass",2012,2.09916859720398
"seagrass",2013,2.20359405710259
