"habitat","year","impact"
"seamounts",2003,0.714046561170449
"seamounts",2004,0.729032157605655
"seamounts",2005,0.789273287455269
"seamounts",2006,0.818319151200313
"seamounts",2007,0.858622045687809
"seamounts",2008,0.907178958904976
"seamounts",2009,0.946962225580943
"seamounts",2010,1.00000664312807
"seamounts",2011,1.02993980408912
"seamounts",2012,1.0210959800861
"seamounts",2013,1.05923863943646
