"habitat","year","impact"
"soft_slope",2003,1.0156595470943
"soft_slope",2004,1.05016008542968
"soft_slope",2005,1.12615974744444
"soft_slope",2006,1.17315963826125
"soft_slope",2007,1.20767153633678
"soft_slope",2008,1.23858761622978
"soft_slope",2009,1.26100040472935
"soft_slope",2010,1.35473064524585
"soft_slope",2011,1.3572354975614
"soft_slope",2012,1.37928129241037
"soft_slope",2013,1.45531084367523
