"habitat","year","impact"
"soft_slope",2003,1.09869034699282
"soft_slope",2004,1.13498491843336
"soft_slope",2005,1.20774800275878
"soft_slope",2006,1.25611939496152
"soft_slope",2007,1.2952687858241
"soft_slope",2008,1.32655167188631
"soft_slope",2009,1.35286142687785
"soft_slope",2010,1.45389495179289
"soft_slope",2011,1.44596347811734
"soft_slope",2012,1.44966921264496
"soft_slope",2013,1.51605087606386
