"habitat","year","impact"
"soft_shelf",2003,1.50610427428392
"soft_shelf",2004,1.53200701418565
"soft_shelf",2005,1.61143702561252
"soft_shelf",2006,1.67384982059775
"soft_shelf",2007,1.71821907720583
"soft_shelf",2008,1.74919442234119
"soft_shelf",2009,1.71519020259312
"soft_shelf",2010,1.80272688562932
"soft_shelf",2011,1.78057834310281
"soft_shelf",2012,1.8325564079671
"soft_shelf",2013,1.89979099134245
