"habitat","year","impact"
"surface_waters",2003,0.9584844987709
"surface_waters",2004,0.99644291716944
"surface_waters",2005,1.08443334319798
"surface_waters",2006,1.12672556956869
"surface_waters",2007,1.16767112011801
"surface_waters",2008,1.20075779933003
"surface_waters",2009,1.2721961165938
"surface_waters",2010,1.37159739719709
"surface_waters",2011,1.41846818217529
"surface_waters",2012,1.44701904586799
"surface_waters",2013,1.51102113313995
