"habitat","year","impact"
"suspension_reef",2003,1.56393508645527
"suspension_reef",2004,1.58423898276094
"suspension_reef",2005,1.58083898269918
"suspension_reef",2006,1.61996701843398
"suspension_reef",2007,1.64486192773282
"suspension_reef",2008,1.65478331496942
"suspension_reef",2009,1.65410110193199
"suspension_reef",2010,1.74288107887523
"suspension_reef",2011,1.73864573114732
"suspension_reef",2012,1.7888231069112
"suspension_reef",2013,1.83877162466736
