"quants","quant","impact"
0.0101239091367028,"1%","oa_2009.tif"
0.102812455404565,"5%","oa_2009.tif"
0.28373223546238,"50%","oa_2009.tif"
0.938790259155353,"95%","oa_2009.tif"
1.24085484713474,"99%","oa_2009.tif"
