"quants","quant","impact"
0.0106356292963028,"1%","oa_2005.tif"
0.0988932251930237,"5%","oa_2005.tif"
0.269076496362686,"50%","oa_2005.tif"
0.799420475959778,"95%","oa_2005.tif"
1.14040267467499,"99%","oa_2005.tif"
