"quants","quant","impact"
0.00553801342913278,"1%","oa_2004.tif"
0.0853883719848161,"5%","oa_2004.tif"
0.249930605798725,"50%","oa_2004.tif"
0.765537521277957,"95%","oa_2004.tif"
1.16666666666667,"99%","oa_2004.tif"
