"quants","quant","impact"
0.0134487940504874,"1%","oa_2008.tif"
0.119562189179116,"5%","oa_2008.tif"
0.288568598497324,"50%","oa_2008.tif"
0.888206719036781,"95%","oa_2008.tif"
1.18584242801222,"99%","oa_2008.tif"
