"quants","quant","impact"
0.0127013499547826,"1%","oa_2013.tif"
0.0999391716027137,"5%","oa_2013.tif"
0.306906919427682,"50%","oa_2013.tif"
0.95922100772966,"95%","oa_2013.tif"
1.26768639603541,"99%","oa_2013.tif"
