"quants","quant","impact"
0.0151392969327975,"1%","oa_2012.tif"
0.117741606023271,"5%","oa_2012.tif"
0.29288667479199,"50%","oa_2012.tif"
0.913203666808623,"95%","oa_2012.tif"
1.19942913999462,"99%","oa_2012.tif"
