"quants","quant","impact"
0,"1%","pel_hb_2007.tif"
0,"5%","pel_hb_2007.tif"
0.000348755393786119,"50%","pel_hb_2007.tif"
0.0422472306894354,"95%","pel_hb_2007.tif"
0.261077051003747,"99%","pel_hb_2007.tif"
