"quants","quant","impact"
0,"1%","pel_hb_2010.tif"
0,"5%","pel_hb_2010.tif"
0.000350436097910691,"50%","pel_hb_2010.tif"
0.0320193424129233,"95%","pel_hb_2010.tif"
0.224344850647229,"99%","pel_hb_2010.tif"
