"quants","quant","impact"
0,"1%","pel_lb_2012.tif"
0,"5%","pel_lb_2012.tif"
2.53337188544541e-05,"50%","pel_lb_2012.tif"
0.00320521064065814,"95%","pel_lb_2012.tif"
0.0159752775617938,"99%","pel_lb_2012.tif"
