"quants","quant","impact"
0,"1%","pel_lb_2007.tif"
0,"5%","pel_lb_2007.tif"
2.31345711313996e-05,"50%","pel_lb_2007.tif"
0.00268863933209746,"95%","pel_lb_2007.tif"
0.0146889350385772,"99%","pel_lb_2007.tif"
