"quants","quant","impact"
0,"1%","pel_lb_2011.tif"
0,"5%","pel_lb_2011.tif"
2.6032855588594e-05,"50%","pel_lb_2011.tif"
0.0030132002689829,"95%","pel_lb_2011.tif"
0.0150437436177872,"99%","pel_lb_2011.tif"
