"quants","quant","impact"
0,"1%","pel_lb_2008.tif"
0,"5%","pel_lb_2008.tif"
2.24115131940634e-05,"50%","pel_lb_2008.tif"
0.00278552634096389,"95%","pel_lb_2008.tif"
0.0147913785943715,"99%","pel_lb_2008.tif"
