"quants","quant","impact"
0,"1%","pel_hb_2003.tif"
0,"5%","pel_hb_2003.tif"
0.000463795663134656,"50%","pel_hb_2003.tif"
0.0401024971258731,"95%","pel_hb_2003.tif"
0.242023168433717,"99%","pel_hb_2003.tif"
