"quants","quant","impact"
0,"1%","pel_hb_2006.tif"
0,"5%","pel_hb_2006.tif"
0.000354870137879447,"50%","pel_hb_2006.tif"
0.042170178366001,"95%","pel_hb_2006.tif"
0.25774372892964,"99%","pel_hb_2006.tif"
