"quants","quant","impact"
0,"1%","pel_lb_2003.tif"
0,"5%","pel_lb_2003.tif"
3.13605285777071e-05,"50%","pel_lb_2003.tif"
0.00307360555882583,"95%","pel_lb_2003.tif"
0.0154616507410039,"99%","pel_lb_2003.tif"
