"quants","quant","impact"
0,"1%","pel_lb_2004.tif"
0,"5%","pel_lb_2004.tif"
2.99977885431984e-05,"50%","pel_lb_2004.tif"
0.00332674525081012,"95%","pel_lb_2004.tif"
0.0155793738569585,"99%","pel_lb_2004.tif"
