"quants","quant","impact"
0,"1%","pel_hb_2011.tif"
0,"5%","pel_hb_2011.tif"
0.000383035085257446,"50%","pel_hb_2011.tif"
0.0328360844476453,"95%","pel_hb_2011.tif"
0.223849778148904,"99%","pel_hb_2011.tif"
