"quants","quant","impact"
0,"1%","sst_2011.tif"
0,"5%","sst_2011.tif"
0.499218732118607,"50%","sst_2011.tif"
1.4765625,"95%","sst_2011.tif"
1.93385410308838,"99%","sst_2011.tif"
