"habitat","pressure","value","year"
"coral_reef","chi",1.1877895270895,2003
"coral_reef","chi",1.16791653516173,2004
"coral_reef","chi",1.15778607154094,2005
"coral_reef","chi",1.17539040678688,2006
"coral_reef","chi",1.25716712459029,2007
"coral_reef","chi",1.35492781403652,2008
"coral_reef","chi",1.50161754090297,2009
"coral_reef","chi",1.75321764660527,2010
"coral_reef","chi",1.80825247054583,2011
"coral_reef","chi",1.84475295404485,2012
"coral_reef","chi",1.83610501306761,2013
