"habitat","pressure","value","year"
"coral_reef","chi",1.18811775824804,2003
"coral_reef","chi",1.16791957231714,2004
"coral_reef","chi",1.15815612652238,2005
"coral_reef","chi",1.17597515693859,2006
"coral_reef","chi",1.25731038749018,2007
"coral_reef","chi",1.35520366641605,2008
"coral_reef","chi",1.50207310697687,2009
"coral_reef","chi",1.75348970177867,2010
"coral_reef","chi",1.80818492916291,2011
"coral_reef","chi",1.84516061111259,2012
"coral_reef","chi",1.83642150596054,2013
