"habitat","pressure","value","year"
"d_h_bottom","chi",0.657768569821003,2003
"d_h_bottom","chi",0.692033474319591,2004
"d_h_bottom","chi",0.764868494388831,2005
"d_h_bottom","chi",0.79669043457804,2006
"d_h_bottom","chi",0.838136858291227,2007
"d_h_bottom","chi",0.859772925528177,2008
"d_h_bottom","chi",0.929053357184778,2009
"d_h_bottom","chi",0.987642253885602,2010
"d_h_bottom","chi",1.01447698374472,2011
"d_h_bottom","chi",1.01021893015148,2012
"d_h_bottom","chi",1.03248322277274,2013
