"habitat","pressure","value","year"
"d_h_bottom","chi",0.65673027784402,2003
"d_h_bottom","chi",0.691072180146637,2004
"d_h_bottom","chi",0.763823513621916,2005
"d_h_bottom","chi",0.795673466307982,2006
"d_h_bottom","chi",0.837071474207664,2007
"d_h_bottom","chi",0.858672511788963,2008
"d_h_bottom","chi",0.927849381886393,2009
"d_h_bottom","chi",0.986524186146062,2010
"d_h_bottom","chi",1.01324330504225,2011
"d_h_bottom","chi",1.00895904599902,2012
"d_h_bottom","chi",1.03127463933523,2013
