"habitat","pressure","value","year"
"hard_slope","chi",0.831284282928722,2003
"hard_slope","chi",0.843242004625218,2004
"hard_slope","chi",0.88154089943282,2005
"hard_slope","chi",0.919460526556515,2006
"hard_slope","chi",0.995711691205424,2007
"hard_slope","chi",1.04723757152549,2008
"hard_slope","chi",1.08813464203263,2009
"hard_slope","chi",1.23165098887171,2010
"hard_slope","chi",1.22803068803629,2011
"hard_slope","chi",1.17634516237876,2012
"hard_slope","chi",1.26120634649488,2013
