"habitat","pressure","value","year"
"hard_slope","chi",0.832273738651284,2003
"hard_slope","chi",0.843979177138845,2004
"hard_slope","chi",0.882347466016022,2005
"hard_slope","chi",0.920392949102066,2006
"hard_slope","chi",0.996485883831251,2007
"hard_slope","chi",1.0482333934383,2008
"hard_slope","chi",1.08958384138672,2009
"hard_slope","chi",1.23302591740924,2010
"hard_slope","chi",1.22912956172694,2011
"hard_slope","chi",1.17760852599201,2012
"hard_slope","chi",1.26221961706962,2013
