"habitat","pressure","value","year"
"hard_shelf","chi",1.30152566342451,2003
"hard_shelf","chi",1.30202878229823,2004
"hard_shelf","chi",1.33353920227609,2005
"hard_shelf","chi",1.36607721506676,2006
"hard_shelf","chi",1.43949631151344,2007
"hard_shelf","chi",1.46600423423658,2008
"hard_shelf","chi",1.53551290132392,2009
"hard_shelf","chi",1.75252957207273,2010
"hard_shelf","chi",1.73559053729356,2011
"hard_shelf","chi",1.70986994940563,2012
"hard_shelf","chi",1.77605978637772,2013
