"habitat","pressure","value","year"
"hard_shelf","chi",1.29900347626322,2003
"hard_shelf","chi",1.30009402781203,2004
"hard_shelf","chi",1.33116073046534,2005
"hard_shelf","chi",1.36337440022232,2006
"hard_shelf","chi",1.43716916434871,2007
"hard_shelf","chi",1.46360381048946,2008
"hard_shelf","chi",1.53265710962454,2009
"hard_shelf","chi",1.7498600533208,2010
"hard_shelf","chi",1.73295769634029,2011
"hard_shelf","chi",1.70700466874932,2012
"hard_shelf","chi",1.77391715967548,2013
