"habitat","year","impact"
"hard_slope",2003,0.711310431254877
"hard_slope",2004,0.727114764149343
"hard_slope",2005,0.748265037038063
"hard_slope",2006,0.76757407676433
"hard_slope",2007,0.803608037999499
"hard_slope",2008,0.847720241480254
"hard_slope",2009,0.856822434881372
"hard_slope",2010,0.922930096291746
"hard_slope",2011,0.929910281619634
"hard_slope",2012,0.912025655296977
"hard_slope",2013,0.967657142046846
