"habitat","pressure","value","year"
"inttidalmud","chi",1.64864128998691,2003
"inttidalmud","chi",1.67033998365322,2004
"inttidalmud","chi",1.67328136407668,2005
"inttidalmud","chi",1.72071414615571,2006
"inttidalmud","chi",1.75620400194434,2007
"inttidalmud","chi",1.76394715037919,2008
"inttidalmud","chi",1.77288284817571,2009
"inttidalmud","chi",1.89326686254993,2010
"inttidalmud","chi",1.88999619316521,2011
"inttidalmud","chi",1.9486742179681,2012
"inttidalmud","chi",2.01613239075796,2013
