"habitat","pressure","value","year"
"inttidalmud","chi",1.65259804391453,2003
"inttidalmud","chi",1.67493940873928,2004
"inttidalmud","chi",1.67855688785967,2005
"inttidalmud","chi",1.72591210440111,2006
"inttidalmud","chi",1.76190805304499,2007
"inttidalmud","chi",1.76887008510771,2008
"inttidalmud","chi",1.77809607940917,2009
"inttidalmud","chi",1.89964785114758,2010
"inttidalmud","chi",1.89587265601389,2011
"inttidalmud","chi",1.95399997870053,2012
"inttidalmud","chi",2.02146787304664,2013
