"habitat","pressure","value","year"
"kelp","chi",0.955823196320454,2003
"kelp","chi",0.941250857977078,2004
"kelp","chi",0.940541643458654,2005
"kelp","chi",0.999606305438836,2006
"kelp","chi",1.04266132409138,2007
"kelp","chi",1.07692761533766,2008
"kelp","chi",1.11375734216121,2009
"kelp","chi",1.15724475094495,2010
"kelp","chi",1.17238426327502,2011
"kelp","chi",1.23999582368899,2012
"kelp","chi",1.29150310365067,2013
