"habitat","pressure","value","year"
"kelp","chi",0.952035606108744,2003
"kelp","chi",0.937639123870923,2004
"kelp","chi",0.937640969029513,2005
"kelp","chi",0.997186802432769,2006
"kelp","chi",1.03945487392308,2007
"kelp","chi",1.07275037600703,2008
"kelp","chi",1.10932527613187,2009
"kelp","chi",1.15288391070447,2010
"kelp","chi",1.16726544680138,2011
"kelp","chi",1.2357296993374,2012
"kelp","chi",1.28670918291555,2013
