"habitat","pressure","value","year"
"mangroves","chi",2.01180507460015,2003
"mangroves","chi",2.00924887652225,2004
"mangroves","chi",1.9819632937855,2005
"mangroves","chi",2.0127773022163,2006
"mangroves","chi",2.07020907409624,2007
"mangroves","chi",2.11650511173422,2008
"mangroves","chi",2.21876331907774,2009
"mangroves","chi",2.38362495031556,2010
"mangroves","chi",2.45607220472868,2011
"mangroves","chi",2.55980682048895,2012
"mangroves","chi",2.58417736709944,2013
