"habitat","pressure","value","year"
"mangroves","chi",2.01327599269321,2003
"mangroves","chi",2.01536407202396,2004
"mangroves","chi",1.9834769861205,2005
"mangroves","chi",2.01467413525493,2006
"mangroves","chi",2.07173765737023,2007
"mangroves","chi",2.11788601583218,2008
"mangroves","chi",2.22174963934023,2009
"mangroves","chi",2.38886664697631,2010
"mangroves","chi",2.45809350740828,2011
"mangroves","chi",2.56094986786379,2012
"mangroves","chi",2.58589366014615,2013
