"habitat","pressure","value","year"
"rky_intidal","chi",1.64864128998691,2003
"rky_intidal","chi",1.67033998365322,2004
"rky_intidal","chi",1.67328136407668,2005
"rky_intidal","chi",1.72071414615571,2006
"rky_intidal","chi",1.75620400194434,2007
"rky_intidal","chi",1.76394715037919,2008
"rky_intidal","chi",1.77288284817571,2009
"rky_intidal","chi",1.89326686254993,2010
"rky_intidal","chi",1.88999619316521,2011
"rky_intidal","chi",1.9486742179681,2012
"rky_intidal","chi",2.01613239075796,2013
