"habitat","pressure","value","year"
"rocky_reef","chi",1.49103465209742,2003
"rocky_reef","chi",1.47137122873579,2004
"rocky_reef","chi",1.47365534087551,2005
"rocky_reef","chi",1.49167087646793,2006
"rocky_reef","chi",1.56321174555739,2007
"rocky_reef","chi",1.62155622671361,2008
"rocky_reef","chi",1.75256428935578,2009
"rocky_reef","chi",1.96862018266329,2010
"rocky_reef","chi",1.96976101633637,2011
"rocky_reef","chi",2.00879383476544,2012
"rocky_reef","chi",2.02746763740925,2013
