"habitat","pressure","value","year"
"rocky_reef","chi",1.49354183991104,2003
"rocky_reef","chi",1.47320082448721,2004
"rocky_reef","chi",1.47592522330364,2005
"rocky_reef","chi",1.49409729784353,2006
"rocky_reef","chi",1.56506409433758,2007
"rocky_reef","chi",1.62362620966196,2008
"rocky_reef","chi",1.75511310519175,2009
"rocky_reef","chi",1.971325331995,2010
"rocky_reef","chi",1.97217675076123,2011
"rocky_reef","chi",2.01170586380983,2012
"rocky_reef","chi",2.0288644710548,2013
