"habitat","pressure","value","year"
"salt_marsh","chi",1.64864128998691,2003
"salt_marsh","chi",1.67033998365322,2004
"salt_marsh","chi",1.67328136407668,2005
"salt_marsh","chi",1.72071414615571,2006
"salt_marsh","chi",1.75620400194434,2007
"salt_marsh","chi",1.76394715037919,2008
"salt_marsh","chi",1.77288284817571,2009
"salt_marsh","chi",1.89326686254993,2010
"salt_marsh","chi",1.88999619316521,2011
"salt_marsh","chi",1.9486742179681,2012
"salt_marsh","chi",2.01613239075796,2013
