"habitat","pressure","value","year"
"seagrass","chi",1.34079286564617,2003
"seagrass","chi",1.30063141348984,2004
"seagrass","chi",1.32187279407624,2005
"seagrass","chi",1.36129431193846,2006
"seagrass","chi",1.41648828424061,2007
"seagrass","chi",1.49168311756393,2008
"seagrass","chi",1.60701866025523,2009
"seagrass","chi",1.80042052701383,2010
"seagrass","chi",1.83694858000932,2011
"seagrass","chi",1.8865339865617,2012
"seagrass","chi",1.93044569094243,2013
