"habitat","pressure","value","year"
"seagrass","chi",1.34164628204323,2003
"seagrass","chi",1.30178174867182,2004
"seagrass","chi",1.32239257742718,2005
"seagrass","chi",1.36230787433774,2006
"seagrass","chi",1.4164929028007,2007
"seagrass","chi",1.49265635556129,2008
"seagrass","chi",1.6103722498347,2009
"seagrass","chi",1.80150763945099,2010
"seagrass","chi",1.83870291307855,2011
"seagrass","chi",1.88838373811818,2012
"seagrass","chi",1.93106688527279,2013
