"habitat","year","impact"
"seamounts",2003,0.767710530058338
"seamounts",2004,0.78974301963267
"seamounts",2005,0.859108904323597
"seamounts",2006,0.887077982876374
"seamounts",2007,0.929320111171157
"seamounts",2008,0.976516223616692
"seamounts",2009,1.02020270139171
"seamounts",2010,1.07339268593159
"seamounts",2011,1.09226220491765
"seamounts",2012,1.07429995525997
"seamounts",2013,1.12055027661524
