"habitat","pressure","value","year"
"seamounts","chi",0.694674039488731,2003
"seamounts","chi",0.714456450693357,2004
"seamounts","chi",0.780556595353871,2005
"seamounts","chi",0.812031705805068,2006
"seamounts","chi",0.85808381363741,2007
"seamounts","chi",0.90246623465422,2008
"seamounts","chi",0.967663262200771,2009
"seamounts","chi",1.04453939432137,2010
"seamounts","chi",1.05990925648192,2011
"seamounts","chi",1.03923023979742,2012
"seamounts","chi",1.08110945817972,2013
