"habitat","pressure","value","year"
"seamounts","chi",0.697188484699468,2003
"seamounts","chi",0.716939873526069,2004
"seamounts","chi",0.78335605590061,2005
"seamounts","chi",0.814860634989618,2006
"seamounts","chi",0.861009302428345,2007
"seamounts","chi",0.905319188890633,2008
"seamounts","chi",0.970836815703965,2009
"seamounts","chi",1.04746582367081,2010
"seamounts","chi",1.06301654217261,2011
"seamounts","chi",1.04222705148348,2012
"seamounts","chi",1.08430360317945,2013
