"habitat","pressure","value","year"
"soft_slope","chi",0.95500590961155,2003
"soft_slope","chi",0.991136474581541,2004
"soft_slope","chi",1.05231059421647,2005
"soft_slope","chi",1.10742327186528,2006
"soft_slope","chi",1.14807140128458,2007
"soft_slope","chi",1.16763201857932,2008
"soft_slope","chi",1.20091251670226,2009
"soft_slope","chi",1.31470894354117,2010
"soft_slope","chi",1.30523429933123,2011
"soft_slope","chi",1.31422202457402,2012
"soft_slope","chi",1.37026002971065,2013
