"habitat","pressure","value","year"
"soft_shelf","chi",1.38281127875286,2003
"soft_shelf","chi",1.42779539052596,2004
"soft_shelf","chi",1.46949684079933,2005
"soft_shelf","chi",1.53140219013056,2006
"soft_shelf","chi",1.56973824474082,2007
"soft_shelf","chi",1.58200347980675,2008
"soft_shelf","chi",1.55118966045496,2009
"soft_shelf","chi",1.61914005988103,2010
"soft_shelf","chi",1.58580686375479,2011
"soft_shelf","chi",1.61570394066384,2012
"soft_shelf","chi",1.75996526996234,2013
