"habitat","pressure","value","year"
"soft_shelf","chi",1.40366231103093,2003
"soft_shelf","chi",1.44771484114786,2004
"soft_shelf","chi",1.49044941727648,2005
"soft_shelf","chi",1.55313482884945,2006
"soft_shelf","chi",1.59154430544001,2007
"soft_shelf","chi",1.605360887315,2008
"soft_shelf","chi",1.57462857722883,2009
"soft_shelf","chi",1.64337959114226,2010
"soft_shelf","chi",1.60981811787285,2011
"soft_shelf","chi",1.63956816137081,2012
"soft_shelf","chi",1.78388878716143,2013
