"habitat","pressure","value","year"
"soft_slope","chi",0.973047078602213,2003
"soft_slope","chi",1.00865565309652,2004
"soft_slope","chi",1.07114086203595,2005
"soft_slope","chi",1.12662383298545,2006
"soft_slope","chi",1.16760001038009,2007
"soft_slope","chi",1.18774857325349,2008
"soft_slope","chi",1.22158783229852,2009
"soft_slope","chi",1.33509662458994,2010
"soft_slope","chi",1.32581204788506,2011
"soft_slope","chi",1.33431647872041,2012
"soft_slope","chi",1.39132124054056,2013
