"pressure","ref_point"
"dem_dest",18.5150661468506
"dem_nondest_hb",3.61111270804327
"dem_nondest_lb",2.24198333859376
"pel_hb",14.1701822280884
"pel_lb",23.601368462562
